{
  "classes": [
    "Gryffindor",
    "Hufflepuff",
    "Ravenclaw",
    "Slytherin"
  ],
  "feature_names": [
    "Arithmancy",
    "Astronomy",
    "Herbology",
    "Defense Against the Dark Arts",
    "Divination",
    "Muggle Studies",
    "Ancient Runes",
    "History of Magic",
    "Transfiguration",
    "Potions",
    "Care of Magical Creatures",
    "Charms",
    "Flying"
  ],
  "classifiers": {
    "Gryffindor": {
      "weights": [
        -0.019743861363879806,
        0.05336722239848966,
        -0.13421339724692308,
        -0.019743861363879806,
        0.05336722239848966,
        -0.13421339724692308,
        0.05336722239848966,
        -0.019743861363879806,
        0.05336722239848966,
        -0.13421339724692308,
        0.05336722239848966,
        -0.019743861363879806,
        0.05336722239848967
      ],
      "bias": -0.00128183774168698,
      "feature_names": [
        "Arithmancy",
        "Astronomy",
        "Herbology",
        "Defense Against the Dark Arts",
        "Divination",
        "Muggle Studies",
        "Ancient Runes",
        "History of Magic",
        "Transfiguration",
        "Potions",
        "Care of Magical Creatures",
        "Charms",
        "Flying"
      ]
    },
    "Hufflepuff": {
      "weights": [
        -0.06732356633205512,
        0.01333873506735218,
        0.012375491362492677,
        -0.06732356633205512,
        0.01333873506735218,
        0.012375491362492677,
        0.01333873506735218,
        -0.06732356633205512,
        0.01333873506735218,
        0.012375491362492677,
        0.01333873506735218,
        -0.06732356633205512,
        0.01333873506735214
      ],
      "bias": -0.006317845449683112,
      "feature_names": [
        "Arithmancy",
        "Astronomy",
        "Herbology",
        "Defense Against the Dark Arts",
        "Divination",
        "Muggle Studies",
        "Ancient Runes",
        "History of Magic",
        "Transfiguration",
        "Potions",
        "Care of Magical Creatures",
        "Charms",
        "Flying"
      ]
    },
    "Ravenclaw": {
      "weights": [
        -0.024184219537953678,
        -0.014155886557749676,
        0.0058701016753078105,
        -0.024184219537953678,
        -0.014155886557749676,
        0.0058701016753078105,
        -0.014155886557749676,
        -0.024184219537953678,
        -0.014155886557749676,
        0.0058701016753078105,
        -0.014155886557749676,
        -0.024184219537953678,
        -0.014155886557749674
      ],
      "bias": -0.0008704620987446611,
      "feature_names": [
        "Arithmancy",
        "Astronomy",
        "Herbology",
        "Defense Against the Dark Arts",
        "Divination",
        "Muggle Studies",
        "Ancient Runes",
        "History of Magic",
        "Transfiguration",
        "Potions",
        "Care of Magical Creatures",
        "Charms",
        "Flying"
      ]
    },
    "Slytherin": {
      "weights": [
        0.06279123015355263,
        -0.08660902642286147,
        0.03460264586025545,
        0.06279123015355263,
        -0.08660902642286147,
        0.03460264586025545,
        -0.08660902642286147,
        0.06279123015355263,
        -0.08660902642286147,
        0.03460264586025545,
        -0.08660902642286147,
        0.06279123015355263,
        -0.08660902642286147
      ],
      "bias": 0.0008034173346529716,
      "feature_names": [
        "Arithmancy",
        "Astronomy",
        "Herbology",
        "Defense Against the Dark Arts",
        "Divination",
        "Muggle Studies",
        "Ancient Runes",
        "History of Magic",
        "Transfiguration",
        "Potions",
        "Care of Magical Creatures",
        "Charms",
        "Flying"
      ]
    }
  }
}